[
  {
    "id": "b0f7ca6d-b9b1-489c-9b4b-5f9db7588f16",
    "data": [
      {
        "text": "ఇక్కడికి స్వాగతం",
        "userDefined": false
      }
    ],
    "isTemplate": false,
    "count": 0,
    "lang": "te",
    "updated": 0
  },
  {
    "id": "ca9afc84-80e3-419a-9ef6-cacc5c3c7059",
    "data": [
      {
        "text": "స్వాగతం",
        "userDefined": false
      }
    ],
    "isTemplate": false,
    "count": 0,
    "lang": "te",
    "updated": 0
  },
  {
    "id": "f44e4743-0907-4a4b-8574-2e0db5d090d5",
    "data": [
      {
        "text": "మీరు ఆహ్వానితులు",
        "userDefined": false
      }
    ],
    "isTemplate": false,
    "count": 0,
    "lang": "te",
    "updated": 0
  },
  {
    "id": "a1200d1b-2ab4-4033-a5b0-6e82e30e0741",
    "data": [
      {
        "text": "అది మా అదృష్టం",
        "userDefined": false
      }
    ],
    "isTemplate": false,
    "count": 0,
    "lang": "te",
    "updated": 0
  },
  {
    "id": "0beca19c-cfda-4f06-8a5c-6660e08148ae",
    "data": [
      {
        "text": "తప్పకుండా రండి",
        "userDefined": false
      }
    ],
    "isTemplate": false,
    "count": 0,
    "lang": "te",
    "updated": 0
  },
  {
    "id": "481cb36f-5c9d-4aa7-a73d-a113f1d51444",
    "data": [
      {
        "text": "నాకు సంతోషంగా ఉంది",
        "userDefined": false
      }
    ],
    "isTemplate": false,
    "count": 0,
    "lang": "te",
    "updated": 0
  },
  {
    "id": "ae5169ac-0a83-44bb-ba07-f4316d2598b0",
    "data": [
      {
        "text": "మీకు స్వాగతం",
        "userDefined": false
      }
    ],
    "isTemplate": false,
    "count": 0,
    "lang": "te",
    "updated": 0
  }
]