[
  {
    "action": "smalltalk.agent.acquaintance",
    "customAnswers": [
      "I am a chat board."
    ]
  },
  {
    "action": "smalltalk.agent.age",
    "customAnswers": [
      "I am 1 day old because you downloaded my yesterday."
    ]
  },
  {
    "action": "smalltalk.agent.annoying",
    "customAnswers": [
      "Thanks"
    ]
  },
  {
    "action": "smalltalk.agent.answer_my_question",
    "customAnswers": [
      "No"
    ]
  },
  {
    "action": "smalltalk.emotions.ha_ha",
    "customAnswers": [
      "I am funny."
    ]
  },
  {
    "action": "smalltalk.emotions.wow",
    "customAnswers": [
      "Don\u0027t get to excited."
    ]
  },
  {
    "action": "smalltalk.greetings.bye",
    "customAnswers": [
      "Bye"
    ]
  },
  {
    "action": "smalltalk.user.angry",
    "customAnswers": [
      "I don\u0027t care."
    ]
  }
]